{"cameraMode":{"drawMode":0,"name":"Shaded","section":"Shading Mode"},"sceneLighting":false,"audioPlay":false,"sceneViewState":{"showFog":true,"showMaterialUpdate":false,"showSkybox":false,"showFlares":true,"showImageEffects":true,"showParticleSystems":true},"in2DMode":false,"pivot":{"x":13.032550811767579,"y":7.891948699951172,"z":1.5288734436035157},"rotation":{"x":-0.10958850383758545,"y":-0.0038793119601905348,"z":0.0004276837862562388,"w":-0.9939701557159424},"size":2.362424373626709,"orthographic":false}