{"cameraMode":{"drawMode":0,"name":"Shaded","section":"Shading Mode"},"sceneLighting":false,"audioPlay":false,"sceneViewState":{"showFog":true,"showMaterialUpdate":false,"showSkybox":false,"showFlares":true,"showImageEffects":true,"showParticleSystems":true},"in2DMode":false,"pivot":{"x":-61.51262664794922,"y":-28.729732513427736,"z":28.995376586914064},"rotation":{"x":-0.1637788563966751,"y":0.6832495331764221,"z":-0.16124488413333894,"w":-0.6931115984916687},"size":72.78221130371094,"orthographic":false}