{"cameraMode":{"drawMode":0,"name":"Shaded","section":"Shading Mode"},"sceneLighting":false,"audioPlay":false,"sceneViewState":{"showFog":true,"showMaterialUpdate":false,"showSkybox":false,"showFlares":true,"showImageEffects":true,"showParticleSystems":true},"in2DMode":false,"pivot":{"x":0.6787532567977905,"y":0.26804590225219729,"z":1.8466856479644776},"rotation":{"x":-0.07162395864725113,"y":-0.13068291544914246,"z":0.009466561488807202,"w":-0.9887939095497131},"size":2.4354915618896486,"orthographic":false}