{"cameraMode":{"drawMode":0,"name":"Shaded","section":"Shading Mode"},"sceneLighting":false,"audioPlay":false,"sceneViewState":{"showFog":true,"showMaterialUpdate":false,"showSkybox":false,"showFlares":true,"showImageEffects":true,"showParticleSystems":true},"in2DMode":false,"pivot":{"x":-7.500226020812988,"y":0.5000008344650269,"z":12.5},"rotation":{"x":-0.14056861400604249,"y":0.06143878400325775,"z":-0.008740175515413285,"w":-0.9881255626678467},"size":17.6937313079834,"orthographic":false}