{"cameraMode":{"drawMode":0,"name":"Shaded","section":"Shading Mode"},"sceneLighting":false,"audioPlay":false,"sceneViewState":{"showFog":true,"showMaterialUpdate":false,"showSkybox":false,"showFlares":true,"showImageEffects":true,"showParticleSystems":true},"in2DMode":false,"pivot":{"x":362.7874450683594,"y":195.18443298339845,"z":18.070919036865236},"rotation":{"x":-0.08121248334646225,"y":0.014050252735614777,"z":-0.0011445508571341634,"w":-0.9966009259223938},"size":11.37738037109375,"orthographic":false}